archivo,emocion_real,emocion_predicha,confianza,Enojo,Felicidad,Neutral,Tristeza
PrivateTest_98865793.jpg,Enojo,Felicidad,33.25,18.87,33.25,21.45,26.43
PrivateTest_99179335.jpg,Enojo,Felicidad,68.32,12.58,68.32,9.15,9.95
PrivateTest_99260703.jpg,Enojo,Felicidad,47.21,32.82,47.21,9.19,10.77
PrivateTest_99414064.jpg,Enojo,Felicidad,54.46,5.66,54.46,18.51,21.37
PrivateTest_99430137.jpg,Enojo,Neutral,67.45,8.01,3.47,67.45,21.07
PrivateTest_99491057.jpg,Enojo,Tristeza,55.33,15.60,2.49,26.58,55.33
PrivateTest_99528552.jpg,Enojo,Tristeza,60.06,35.51,0.61,3.82,60.06
PrivateTest_99739773.jpg,Enojo,Tristeza,52.27,8.36,3.18,36.20,52.27
PrivateTest_99757533.jpg,Enojo,Tristeza,40.71,33.02,21.35,4.92,40.71
PrivateTest_99855040.jpg,Enojo,Tristeza,59.98,31.99,2.76,5.27,59.98
PrivateTest_99901650.jpg,Enojo,Tristeza,38.16,20.14,6.31,35.40,38.16
PublicTest_10116449.jpg,Enojo,Tristeza,44.62,12.75,5.27,37.37,44.62
PublicTest_10813312.jpg,Enojo,Tristeza,65.65,8.09,1.12,25.14,65.65
PublicTest_11521746.jpg,Enojo,Tristeza,40.67,11.13,10.07,38.13,40.67
PublicTest_11832974.jpg,Enojo,Felicidad,59.33,5.40,59.33,17.42,17.84
PublicTest_12296139.jpg,Enojo,Neutral,43.94,5.60,37.53,43.94,12.93
PublicTest_12326319.jpg,Enojo,Felicidad,93.36,4.72,93.36,0.22,1.71
PublicTest_12700974.jpg,Enojo,Tristeza,53.04,29.06,4.94,12.95,53.04
PublicTest_12751829.jpg,Enojo,Felicidad,98.93,0.62,98.93,0.11,0.34
PublicTest_12871755.jpg,Enojo,Tristeza,71.08,10.01,0.40,18.51,71.08
PublicTest_12919755.jpg,Enojo,Tristeza,57.79,9.93,8.59,23.69,57.79
PublicTest_1355981.jpg,Enojo,Tristeza,55.37,27.31,1.06,16.26,55.37
PublicTest_13591263.jpg,Enojo,Neutral,68.57,6.25,5.61,68.57,19.57
PublicTest_1373732.jpg,Enojo,Felicidad,47.90,13.91,47.90,3.77,34.43
PublicTest_13953782.jpg,Enojo,Neutral,37.97,13.58,10.56,37.97,37.89
PublicTest_14075653.jpg,Enojo,Tristeza,58.14,25.44,2.55,13.88,58.14
PublicTest_1419488.jpg,Enojo,Neutral,52.10,7.97,5.33,52.10,34.60
PublicTest_14388186.jpg,Enojo,Tristeza,49.86,43.86,1.74,4.53,49.86
PublicTest_14561390.jpg,Enojo,Tristeza,41.40,5.97,20.96,31.67,41.40
PublicTest_1460129.jpg,Enojo,Tristeza,52.37,27.70,3.96,15.97,52.37
PublicTest_1463394.jpg,Enojo,Felicidad,48.36,4.98,48.36,30.29,16.37
PublicTest_14798104.jpg,Enojo,Felicidad,63.82,31.96,63.82,0.09,4.13
PublicTest_15411158.jpg,Enojo,Tristeza,41.50,35.51,5.93,17.06,41.50
PublicTest_16131911.jpg,Enojo,Tristeza,64.79,6.22,3.09,25.90,64.79
PublicTest_16745237.jpg,Enojo,Neutral,43.27,12.47,6.62,43.27,37.65
PublicTest_16770619.jpg,Enojo,Neutral,46.45,12.04,2.33,46.45,39.18
PublicTest_17017376.jpg,Enojo,Neutral,70.97,1.81,10.30,70.97,16.92
PublicTest_17026620.jpg,Enojo,Felicidad,33.74,13.38,33.74,27.92,24.96
PublicTest_17116818.jpg,Enojo,Felicidad,75.77,11.99,75.77,5.85,6.40
PublicTest_17320024.jpg,Enojo,Neutral,42.92,11.56,7.97,42.92,37.55
PublicTest_17410266.jpg,Enojo,Felicidad,87.41,5.49,87.41,2.05,5.05
PublicTest_17598880.jpg,Enojo,Felicidad,73.58,2.34,73.58,16.33,7.74
PublicTest_17614009.jpg,Enojo,Tristeza,54.41,20.14,3.76,21.70,54.41
PublicTest_17954875.jpg,Enojo,Neutral,44.19,6.35,17.33,44.19,32.13
PublicTest_17986076.jpg,Enojo,Tristeza,30.04,25.17,16.80,27.99,30.04
PublicTest_18058366.jpg,Enojo,Tristeza,48.64,13.83,5.43,32.10,48.64
PublicTest_18063934.jpg,Enojo,Tristeza,54.14,22.55,4.44,18.87,54.14
PublicTest_18087247.jpg,Enojo,Neutral,60.24,10.94,2.03,60.24,26.79
PublicTest_18131739.jpg,Enojo,Neutral,67.95,2.74,15.41,67.95,13.90
PublicTest_18274972.jpg,Enojo,Felicidad,33.69,19.97,33.69,15.29,31.05
PublicTest_18471170.jpg,Enojo,Tristeza,65.39,11.19,0.78,22.64,65.39
PublicTest_18490757.jpg,Enojo,Tristeza,39.89,25.64,18.52,15.96,39.89
PublicTest_18509921.jpg,Enojo,Felicidad,46.02,12.92,46.02,14.41,26.65
PublicTest_18682426.jpg,Enojo,Tristeza,47.92,14.96,1.10,36.01,47.92
PublicTest_18770630.jpg,Enojo,Tristeza,38.76,7.88,15.50,37.86,38.76
PublicTest_19183266.jpg,Enojo,Tristeza,47.33,14.21,13.22,25.23,47.33
PublicTest_19319090.jpg,Enojo,Felicidad,46.30,8.01,46.30,28.05,17.63
PublicTest_19679720.jpg,Enojo,Tristeza,52.85,5.58,1.66,39.91,52.85
PublicTest_1990985.jpg,Enojo,Felicidad,81.23,7.71,81.23,3.81,7.25
PublicTest_20045813.jpg,Enojo,Felicidad,78.00,18.70,78.00,0.29,3.01
PublicTest_20725544.jpg,Enojo,Neutral,40.96,15.55,32.81,40.96,10.68
PublicTest_20761396.jpg,Enojo,Tristeza,45.23,8.63,19.03,27.10,45.23
PublicTest_20874883.jpg,Enojo,Neutral,63.37,3.17,11.19,63.37,22.27
PublicTest_21110779.jpg,Enojo,Neutral,39.41,16.58,5.87,39.41,38.14
PublicTest_21226976.jpg,Enojo,Felicidad,63.42,9.57,63.42,4.47,22.53
PublicTest_21334851.jpg,Enojo,Felicidad,82.96,10.98,82.96,2.71,3.35
PublicTest_21498023.jpg,Enojo,Neutral,51.58,4.20,25.46,51.58,18.76
PublicTest_22161894.jpg,Enojo,Tristeza,45.69,6.43,2.46,45.42,45.69
PublicTest_22516549.jpg,Enojo,Tristeza,48.51,6.82,12.65,32.02,48.51
PublicTest_22869801.jpg,Enojo,Felicidad,37.90,10.80,37.90,15.89,35.41
PublicTest_23643566.jpg,Enojo,Neutral,44.07,11.27,21.39,44.07,23.27
PublicTest_24150762.jpg,Enojo,Felicidad,99.16,0.38,99.16,0.16,0.30
PublicTest_24586863.jpg,Enojo,Felicidad,34.16,16.42,34.16,32.62,16.80
PublicTest_24668305.jpg,Enojo,Neutral,56.57,4.20,4.51,56.57,34.71
PublicTest_2489773.jpg,Enojo,Tristeza,69.66,11.83,3.53,14.98,69.66
PublicTest_24929049.jpg,Enojo,Felicidad,88.82,2.44,88.82,4.35,4.38
PublicTest_25092940.jpg,Enojo,Tristeza,45.94,7.79,8.77,37.50,45.94
PublicTest_25439815.jpg,Enojo,Tristeza,56.74,31.81,2.57,8.87,56.74
PublicTest_25592242.jpg,Enojo,Neutral,45.88,2.49,30.81,45.88,20.82
PublicTest_26045537.jpg,Enojo,Felicidad,64.38,8.64,64.38,13.75,13.23
PublicTest_26506006.jpg,Enojo,Neutral,74.25,3.76,2.85,74.25,19.13
PublicTest_26532100.jpg,Enojo,Neutral,73.61,7.01,7.26,73.61,12.12
PublicTest_27052118.jpg,Enojo,Neutral,41.86,5.32,17.23,41.86,35.59
PublicTest_27220144.jpg,Enojo,Neutral,70.25,7.66,1.90,70.25,20.19
PublicTest_27318961.jpg,Enojo,Tristeza,41.92,27.10,16.37,14.60,41.92
PublicTest_27364438.jpg,Enojo,Tristeza,58.42,30.69,2.30,8.59,58.42
PublicTest_27793599.jpg,Enojo,Neutral,52.54,11.56,6.96,52.54,28.95
PublicTest_28052854.jpg,Enojo,Tristeza,37.06,9.71,16.49,36.74,37.06
PublicTest_28086839.jpg,Enojo,Neutral,65.86,5.76,18.03,65.86,10.35
PublicTest_28247215.jpg,Enojo,Neutral,61.27,4.65,11.04,61.27,23.04
PublicTest_28415725.jpg,Enojo,Tristeza,47.47,10.60,5.06,36.87,47.47
PublicTest_28628397.jpg,Enojo,Neutral,43.31,15.30,3.60,43.31,37.79
PublicTest_28848742.jpg,Enojo,Felicidad,49.72,9.04,49.72,25.40,15.83
PublicTest_28963544.jpg,Enojo,Neutral,40.91,16.49,2.57,40.91,40.03
PublicTest_29284838.jpg,Enojo,Neutral,75.50,7.36,2.06,75.50,15.08
PublicTest_29353330.jpg,Enojo,Neutral,64.78,4.17,20.76,64.78,10.29
PublicTest_30068238.jpg,Enojo,Felicidad,48.36,7.50,48.36,23.33,20.81
PublicTest_30767380.jpg,Enojo,Tristeza,47.92,6.29,11.09,34.70,47.92
PublicTest_30869042.jpg,Enojo,Tristeza,41.08,20.25,5.52,33.15,41.08
PublicTest_31058193.jpg,Enojo,Tristeza,95.60,2.78,0.25,1.37,95.60
PublicTest_31588880.jpg,Enojo,Tristeza,79.79,10.94,1.98,7.29,79.79
PublicTest_3168890.jpg,Enojo,Felicidad,77.45,3.86,77.45,14.04,4.64
PublicTest_31947340.jpg,Enojo,Felicidad,83.29,10.03,83.29,3.69,2.99
PublicTest_3218764.jpg,Enojo,Felicidad,86.14,12.37,86.14,0.47,1.02
PublicTest_32429079.jpg,Enojo,Tristeza,39.45,10.57,14.13,35.86,39.45
PublicTest_33049665.jpg,Enojo,Neutral,51.53,17.07,12.13,51.53,19.27
PublicTest_33298870.jpg,Enojo,Felicidad,75.28,9.38,75.28,7.83,7.51
PublicTest_33361245.jpg,Enojo,Neutral,55.87,6.70,13.31,55.87,24.12
PublicTest_3344932.jpg,Enojo,Neutral,81.76,3.43,3.43,81.76,11.38
PublicTest_335516.jpg,Enojo,Neutral,46.90,21.01,6.77,46.90,25.32
PublicTest_33629438.jpg,Enojo,Tristeza,60.25,14.17,6.25,19.33,60.25
PublicTest_33939155.jpg,Enojo,Tristeza,52.60,20.38,12.16,14.87,52.60
PublicTest_34883128.jpg,Enojo,Tristeza,37.77,12.16,13.14,36.93,37.77
PublicTest_34922989.jpg,Enojo,Neutral,76.73,3.78,7.39,76.73,12.10
PublicTest_3620949.jpg,Enojo,Tristeza,63.01,17.84,2.83,16.33,63.01
PublicTest_3636907.jpg,Enojo,Neutral,40.90,4.11,15.23,40.90,39.76
PublicTest_36373260.jpg,Enojo,Neutral,61.06,2.59,11.01,61.06,25.33
PublicTest_3641062.jpg,Enojo,Felicidad,94.23,4.09,94.23,0.45,1.22
PublicTest_36659344.jpg,Enojo,Tristeza,89.40,4.07,3.39,3.14,89.40
PublicTest_36696281.jpg,Enojo,Felicidad,66.26,22.83,66.26,3.32,7.59
PublicTest_36836824.jpg,Enojo,Neutral,35.49,10.84,20.15,35.49,33.52
PublicTest_36902661.jpg,Enojo,Neutral,45.78,10.66,0.50,45.78,43.05
PublicTest_3709326.jpg,Enojo,Tristeza,37.00,16.99,22.38,23.62,37.00
PublicTest_37316865.jpg,Enojo,Neutral,63.92,13.81,4.68,63.92,17.59
PublicTest_37985095.jpg,Enojo,Tristeza,39.70,19.41,5.19,35.71,39.70
PublicTest_38165746.jpg,Enojo,Neutral,71.31,3.24,8.39,71.31,17.05
PublicTest_38216771.jpg,Enojo,Tristeza,57.17,8.31,2.08,32.45,57.17
PublicTest_39092344.jpg,Enojo,Felicidad,85.71,1.13,85.71,6.85,6.31
PublicTest_40202990.jpg,Enojo,Tristeza,71.82,11.85,1.25,15.08,71.82
PublicTest_40341899.jpg,Enojo,Tristeza,52.16,11.47,3.70,32.67,52.16
PublicTest_40811515.jpg,Enojo,Neutral,56.74,6.82,4.44,56.74,31.99
PublicTest_40824482.jpg,Enojo,Felicidad,87.99,5.15,87.99,2.21,4.65
PublicTest_41416509.jpg,Enojo,Tristeza,56.34,8.91,1.30,33.45,56.34
PublicTest_4237118.jpg,Enojo,Neutral,62.77,4.08,4.53,62.77,28.62
PublicTest_4263322.jpg,Enojo,Neutral,62.14,6.85,8.36,62.14,22.64
PublicTest_42826491.jpg,Enojo,Felicidad,95.69,2.99,95.69,0.19,1.14
PublicTest_43169549.jpg,Enojo,Tristeza,36.70,8.71,24.01,30.57,36.70
PublicTest_43316380.jpg,Enojo,Felicidad,68.89,23.49,68.89,2.14,5.48
PublicTest_43332731.jpg,Enojo,Felicidad,47.66,27.63,47.66,3.92,20.79
PublicTest_43360747.jpg,Enojo,Neutral,50.98,9.62,0.56,50.98,38.84
PublicTest_4379266.jpg,Enojo,Neutral,62.14,3.55,22.98,62.14,11.33
PublicTest_43895652.jpg,Enojo,Tristeza,36.03,17.78,25.43,20.76,36.03
PublicTest_44184063.jpg,Enojo,Neutral,76.45,4.20,4.50,76.45,14.85
PublicTest_44227970.jpg,Enojo,Tristeza,72.69,17.81,2.62,6.88,72.69
PublicTest_44679916.jpg,Enojo,Neutral,51.78,7.20,25.27,51.78,15.75
PublicTest_4496845.jpg,Enojo,Neutral,50.08,9.09,4.79,50.08,36.03
PublicTest_45792830.jpg,Enojo,Felicidad,56.13,14.03,56.13,17.74,12.10
PublicTest_46181567.jpg,Enojo,Tristeza,50.74,21.04,0.55,27.67,50.74
PublicTest_46533021.jpg,Enojo,Felicidad,55.92,33.19,55.92,3.09,7.80
PublicTest_46653575.jpg,Enojo,Tristeza,56.00,9.05,5.01,29.94,56.00
PublicTest_46931060.jpg,Enojo,Neutral,75.31,4.47,7.23,75.31,12.99
PublicTest_47244745.jpg,Enojo,Felicidad,55.15,37.47,55.15,0.44,6.95
PublicTest_47434180.jpg,Enojo,Felicidad,51.56,13.51,51.56,22.34,12.59
PublicTest_47452496.jpg,Enojo,Tristeza,37.73,11.22,20.28,30.76,37.73
PublicTest_47495579.jpg,Enojo,Tristeza,58.35,18.06,8.18,15.41,58.35
PublicTest_47601588.jpg,Enojo,Felicidad,94.88,0.19,94.88,3.93,1.00
PublicTest_47760796.jpg,Enojo,Tristeza,51.38,21.43,5.02,22.17,51.38
PublicTest_47804687.jpg,Enojo,Neutral,73.52,2.40,10.08,73.52,14.01
PublicTest_47890853.jpg,Enojo,Neutral,64.46,6.68,8.82,64.46,20.03
PublicTest_47997171.jpg,Enojo,Tristeza,40.79,28.69,2.76,27.76,40.79
PublicTest_48036150.jpg,Enojo,Neutral,57.70,17.12,8.04,57.70,17.14
PublicTest_48156348.jpg,Enojo,Tristeza,48.43,8.67,11.62,31.28,48.43
PublicTest_4822332.jpg,Enojo,Tristeza,53.68,24.15,1.61,20.56,53.68
PublicTest_48371269.jpg,Enojo,Tristeza,40.44,15.79,26.00,17.77,40.44
PublicTest_48413488.jpg,Enojo,Felicidad,81.36,10.47,81.36,5.23,2.94
PublicTest_48428562.jpg,Enojo,Felicidad,64.13,19.27,64.13,8.73,7.88
PublicTest_48511728.jpg,Enojo,Neutral,46.17,7.43,1.32,46.17,45.08
PublicTest_48512363.jpg,Enojo,Tristeza,47.80,2.83,30.22,19.15,47.80
PublicTest_48714314.jpg,Enojo,Tristeza,50.41,24.36,3.41,21.82,50.41
PublicTest_49008517.jpg,Enojo,Felicidad,91.35,4.40,91.35,1.43,2.82
PublicTest_49162234.jpg,Enojo,Neutral,39.66,14.79,19.43,39.66,26.13
PublicTest_49264937.jpg,Enojo,Neutral,56.32,4.99,2.35,56.32,36.34
PublicTest_49302808.jpg,Enojo,Neutral,47.03,10.20,15.10,47.03,27.66
PublicTest_49352382.jpg,Enojo,Neutral,54.99,8.02,2.69,54.99,34.29
PublicTest_49408064.jpg,Enojo,Tristeza,47.80,2.83,30.22,19.15,47.80
PublicTest_49591430.jpg,Enojo,Tristeza,44.83,20.96,19.06,15.15,44.83
PublicTest_497151.jpg,Enojo,Felicidad,82.21,5.41,82.21,3.03,9.35
PublicTest_49898176.jpg,Enojo,Tristeza,72.23,11.07,2.17,14.54,72.23
PublicTest_49962615.jpg,Enojo,Felicidad,67.71,23.78,67.71,2.04,6.47
PublicTest_50259008.jpg,Enojo,Tristeza,76.04,5.15,3.32,15.50,76.04
PublicTest_50664677.jpg,Enojo,Neutral,67.55,2.07,3.62,67.55,26.76
PublicTest_50685895.jpg,Enojo,Tristeza,50.97,14.57,6.96,27.50,50.97
PublicTest_50984559.jpg,Enojo,Tristeza,43.76,19.70,5.00,31.55,43.76
PublicTest_51044199.jpg,Enojo,Neutral,62.92,8.86,1.88,62.92,26.34
PublicTest_51080774.jpg,Enojo,Tristeza,43.82,3.53,21.50,31.14,43.82
PublicTest_51099854.jpg,Enojo,Neutral,37.09,6.34,30.37,37.09,26.19
PublicTest_51144645.jpg,Enojo,Tristeza,80.06,8.99,2.55,8.40,80.06
PublicTest_5177911.jpg,Enojo,Felicidad,34.16,18.37,34.16,30.10,17.37
PublicTest_52070065.jpg,Enojo,Tristeza,50.39,8.97,6.46,34.17,50.39
PublicTest_52439734.jpg,Enojo,Felicidad,32.74,31.44,32.74,19.54,16.28
PublicTest_5251552.jpg,Enojo,Neutral,53.90,8.09,13.58,53.90,24.43
PublicTest_52681031.jpg,Enojo,Tristeza,46.02,27.60,10.27,16.12,46.02
PublicTest_52706232.jpg,Enojo,Tristeza,53.85,18.08,11.34,16.72,53.85
PublicTest_53367661.jpg,Enojo,Tristeza,51.25,10.58,1.57,36.59,51.25
PublicTest_53480653.jpg,Enojo,Felicidad,64.85,5.18,64.85,21.05,8.91
PublicTest_53519543.jpg,Enojo,Neutral,54.16,3.72,29.96,54.16,12.17
PublicTest_54146920.jpg,Enojo,Felicidad,45.64,5.23,45.64,37.55,11.58
PublicTest_54462619.jpg,Enojo,Neutral,59.04,3.47,30.37,59.04,7.12
PublicTest_5460494.jpg,Enojo,Felicidad,52.87,16.33,52.87,17.14,13.65
PublicTest_54630431.jpg,Enojo,Neutral,38.58,22.43,27.64,38.58,11.35
PublicTest_5507504.jpg,Enojo,Felicidad,79.20,3.21,79.20,10.20,7.40
PublicTest_55079248.jpg,Enojo,Tristeza,74.02,12.64,1.17,12.17,74.02
PublicTest_55124186.jpg,Enojo,Tristeza,58.34,24.15,4.77,12.74,58.34
PublicTest_55350348.jpg,Enojo,Neutral,66.44,6.92,4.91,66.44,21.73
PublicTest_55992288.jpg,Enojo,Felicidad,29.03,25.22,29.03,25.93,19.82
PublicTest_56592933.jpg,Enojo,Tristeza,55.92,26.27,5.63,12.18,55.92
PublicTest_56981414.jpg,Enojo,Tristeza,65.54,7.89,9.11,17.46,65.54
PublicTest_57154065.jpg,Enojo,Tristeza,48.69,47.71,1.15,2.45,48.69
PublicTest_57157029.jpg,Enojo,Tristeza,57.24,7.34,2.71,32.72,57.24
PublicTest_5767290.jpg,Enojo,Tristeza,45.23,13.61,24.73,16.43,45.23
PublicTest_57865005.jpg,Enojo,Felicidad,93.19,4.10,93.19,1.03,1.68
PublicTest_57918595.jpg,Enojo,Tristeza,35.48,28.42,22.05,14.05,35.48
PublicTest_58554610.jpg,Enojo,Tristeza,52.72,8.68,9.59,29.01,52.72
PublicTest_59547782.jpg,Enojo,Tristeza,62.04,9.18,2.23,26.55,62.04
PublicTest_59592636.jpg,Enojo,Neutral,38.03,8.39,16.44,38.03,37.14
PublicTest_5964952.jpg,Enojo,Tristeza,46.06,9.35,7.26,37.34,46.06
PublicTest_59731058.jpg,Enojo,Felicidad,94.68,0.99,94.68,1.78,2.56
PublicTest_59816405.jpg,Enojo,Tristeza,43.01,9.41,14.56,33.01,43.01
PublicTest_60947451.jpg,Enojo,Tristeza,72.26,12.48,1.15,14.11,72.26
PublicTest_61158536.jpg,Enojo,Tristeza,38.51,22.09,1.67,37.73,38.51
PublicTest_62090392.jpg,Enojo,Neutral,46.73,20.81,10.86,46.73,21.60
PublicTest_62236593.jpg,Enojo,Neutral,48.67,5.89,26.32,48.67,19.12
PublicTest_62957329.jpg,Enojo,Tristeza,49.50,9.50,2.39,38.62,49.50
PublicTest_63017102.jpg,Enojo,Tristeza,34.37,25.79,13.92,25.91,34.37
PublicTest_63119077.jpg,Enojo,Felicidad,87.15,8.03,87.15,1.10,3.72
PublicTest_63607791.jpg,Enojo,Felicidad,74.69,8.34,74.69,9.16,7.81
PublicTest_63705954.jpg,Enojo,Tristeza,50.12,11.26,3.01,35.61,50.12
PublicTest_63745951.jpg,Enojo,Neutral,54.68,6.71,22.39,54.68,16.22
PublicTest_6385751.jpg,Enojo,Neutral,52.24,15.91,3.48,52.24,28.37
PublicTest_63906265.jpg,Enojo,Tristeza,43.73,35.00,15.78,5.48,43.73
PublicTest_64029710.jpg,Enojo,Tristeza,40.08,12.59,11.92,35.41,40.08
PublicTest_64033113.jpg,Enojo,Neutral,45.99,10.38,5.01,45.99,38.62
PublicTest_64680248.jpg,Enojo,Felicidad,56.34,11.92,56.34,17.38,14.37
PublicTest_64803509.jpg,Enojo,Tristeza,50.22,10.93,6.28,32.58,50.22
PublicTest_65017594.jpg,Enojo,Neutral,51.69,4.92,12.17,51.69,31.22
PublicTest_65021363.jpg,Enojo,Tristeza,51.51,25.40,6.20,16.89,51.51
PublicTest_65455995.jpg,Enojo,Felicidad,71.22,25.39,71.22,1.34,2.04
PublicTest_65465298.jpg,Enojo,Neutral,44.32,5.18,29.80,44.32,20.71
PublicTest_65467730.jpg,Enojo,Neutral,44.41,8.66,3.50,44.41,43.43
PublicTest_65689063.jpg,Enojo,Tristeza,49.64,6.73,10.99,32.64,49.64
PublicTest_65705281.jpg,Enojo,Felicidad,71.91,10.15,71.91,1.36,16.58
PublicTest_65820617.jpg,Enojo,Neutral,51.71,9.21,5.46,51.71,33.62
PublicTest_65942726.jpg,Enojo,Felicidad,96.58,2.10,96.58,0.73,0.59
PublicTest_66091352.jpg,Enojo,Felicidad,67.35,6.67,67.35,16.16,9.83
PublicTest_66344219.jpg,Enojo,Felicidad,79.52,9.80,79.52,3.26,7.43
PublicTest_66439360.jpg,Enojo,Neutral,41.39,11.03,12.23,41.39,35.35
PublicTest_66951145.jpg,Enojo,Tristeza,46.95,8.43,27.24,17.38,46.95
PublicTest_66956737.jpg,Enojo,Neutral,42.06,16.22,9.09,42.06,32.64
PublicTest_67037873.jpg,Enojo,Tristeza,89.51,3.36,1.41,5.72,89.51
PublicTest_67087752.jpg,Enojo,Felicidad,55.51,16.93,55.51,4.14,23.42
PublicTest_67146017.jpg,Enojo,Tristeza,42.43,5.38,31.85,20.35,42.43
PublicTest_67194596.jpg,Enojo,Neutral,63.99,7.63,4.12,63.99,24.26
PublicTest_67411006.jpg,Enojo,Neutral,70.26,3.67,7.19,70.26,18.89
PublicTest_67751726.jpg,Enojo,Tristeza,39.31,11.17,13.47,36.06,39.31
PublicTest_68635331.jpg,Enojo,Tristeza,48.58,13.80,21.87,15.74,48.58
PublicTest_68682113.jpg,Enojo,Felicidad,87.63,3.03,87.63,1.35,7.99
PublicTest_69095122.jpg,Enojo,Neutral,42.97,8.30,18.13,42.97,30.60
PublicTest_69123222.jpg,Enojo,Tristeza,75.01,12.22,1.97,10.80,75.01
PublicTest_69709353.jpg,Enojo,Neutral,50.62,7.05,18.13,50.62,24.20
PublicTest_6998820.jpg,Enojo,Neutral,27.04,22.30,26.23,27.04,24.42
PublicTest_70071887.jpg,Enojo,Tristeza,38.54,18.12,10.95,32.39,38.54
PublicTest_70126767.jpg,Enojo,Tristeza,37.57,19.14,16.16,27.12,37.57
PublicTest_70289097.jpg,Enojo,Neutral,50.01,13.26,20.55,50.01,16.18
PublicTest_70470561.jpg,Enojo,Felicidad,97.64,0.28,97.64,1.44,0.64
PublicTest_70604594.jpg,Enojo,Felicidad,90.35,7.49,90.35,0.63,1.53
PublicTest_7070524.jpg,Enojo,Neutral,72.30,7.02,4.34,72.30,16.34
PublicTest_7122302.jpg,Enojo,Felicidad,85.18,11.84,85.18,0.89,2.09
PublicTest_71394422.jpg,Enojo,Neutral,49.27,9.87,8.89,49.27,31.97
PublicTest_71571526.jpg,Enojo,Neutral,49.94,7.96,11.87,49.94,30.23
PublicTest_71579768.jpg,Enojo,Neutral,54.34,7.56,7.80,54.34,30.30
PublicTest_71685219.jpg,Enojo,Tristeza,47.03,20.35,12.20,20.42,47.03
PublicTest_73301522.jpg,Enojo,Tristeza,48.03,9.27,1.33,41.36,48.03
PublicTest_7340890.jpg,Enojo,Neutral,46.38,11.42,2.07,46.38,40.13
PublicTest_74012583.jpg,Enojo,Tristeza,50.34,7.44,6.44,35.78,50.34
PublicTest_74133311.jpg,Enojo,Felicidad,45.13,33.05,45.13,6.78,15.04
PublicTest_74209270.jpg,Enojo,Neutral,56.25,7.27,4.34,56.25,32.13
PublicTest_74238112.jpg,Enojo,Tristeza,54.51,21.46,6.81,17.22,54.51
PublicTest_74346734.jpg,Enojo,Felicidad,57.18,7.40,57.18,18.36,17.06
PublicTest_74458895.jpg,Enojo,Felicidad,51.97,9.85,51.97,22.05,16.13
PublicTest_74470272.jpg,Enojo,Tristeza,81.21,6.18,1.02,11.59,81.21
PublicTest_74656440.jpg,Enojo,Neutral,64.83,3.52,10.00,64.83,21.64
PublicTest_75015949.jpg,Enojo,Tristeza,62.78,8.53,2.67,26.02,62.78
PublicTest_75170399.jpg,Enojo,Tristeza,56.36,6.71,0.60,36.34,56.36
PublicTest_75454944.jpg,Enojo,Tristeza,43.17,7.02,13.39,36.43,43.17
PublicTest_75909699.jpg,Enojo,Tristeza,50.21,13.69,3.60,32.50,50.21
PublicTest_76008995.jpg,Enojo,Felicidad,64.26,14.24,64.26,7.50,14.00
PublicTest_77035165.jpg,Enojo,Tristeza,48.56,22.26,0.88,28.31,48.56
PublicTest_77327770.jpg,Enojo,Neutral,39.40,4.74,29.67,39.40,26.19
PublicTest_77938889.jpg,Enojo,Neutral,49.68,4.74,7.49,49.68,38.09
PublicTest_77968706.jpg,Enojo,Felicidad,71.78,19.96,71.78,1.76,6.50
PublicTest_78810808.jpg,Enojo,Felicidad,94.84,2.69,94.84,0.92,1.55
PublicTest_7905606.jpg,Enojo,Neutral,48.01,8.64,3.52,48.01,39.83
PublicTest_79109976.jpg,Enojo,Neutral,63.03,6.96,9.07,63.03,20.95
PublicTest_79434516.jpg,Enojo,Felicidad,86.79,9.50,86.79,2.04,1.67
PublicTest_79434954.jpg,Enojo,Neutral,32.60,17.30,30.58,32.60,19.52
PublicTest_79575934.jpg,Enojo,Felicidad,75.29,1.45,75.29,14.62,8.64
PublicTest_79773769.jpg,Enojo,Tristeza,64.07,16.83,3.75,15.35,64.07
PublicTest_79811245.jpg,Enojo,Tristeza,63.93,13.22,2.67,20.18,63.93
PublicTest_79854224.jpg,Enojo,Tristeza,49.32,3.82,2.81,44.05,49.32
PublicTest_79887521.jpg,Enojo,Felicidad,46.12,36.77,46.12,3.04,14.07
PublicTest_79892729.jpg,Enojo,Felicidad,57.37,26.13,57.37,3.65,12.85
PublicTest_80242801.jpg,Enojo,Tristeza,68.24,16.34,4.82,10.60,68.24
PublicTest_80355968.jpg,Enojo,Tristeza,35.35,26.44,26.48,11.74,35.35
PublicTest_80419054.jpg,Enojo,Felicidad,75.01,17.47,75.01,0.99,6.53
PublicTest_80685818.jpg,Enojo,Neutral,46.06,6.59,14.08,46.06,33.28
PublicTest_80741744.jpg,Enojo,Tristeza,85.22,6.58,0.66,7.54,85.22
PublicTest_80832037.jpg,Enojo,Felicidad,50.14,11.41,50.14,16.76,21.69
PublicTest_80884345.jpg,Enojo,Felicidad,90.51,1.72,90.51,2.60,5.17
PublicTest_81327668.jpg,Enojo,Tristeza,57.06,7.00,17.84,18.11,57.06
PublicTest_81632115.jpg,Enojo,Tristeza,55.56,24.63,1.39,18.42,55.56
PublicTest_81742978.jpg,Enojo,Tristeza,62.35,19.60,1.87,16.18,62.35
PublicTest_81843401.jpg,Enojo,Felicidad,47.59,13.16,47.59,24.36,14.89
PublicTest_82002612.jpg,Enojo,Neutral,69.21,5.04,4.37,69.21,21.38
PublicTest_82116704.jpg,Enojo,Neutral,66.02,6.86,11.49,66.02,15.63
PublicTest_82700651.jpg,Enojo,Tristeza,39.34,9.51,33.25,17.90,39.34
PublicTest_83042442.jpg,Enojo,Tristeza,47.27,19.50,11.05,22.18,47.27
PublicTest_83372303.jpg,Enojo,Neutral,44.14,11.08,4.21,44.14,40.57
PublicTest_83776498.jpg,Enojo,Neutral,62.29,7.85,0.32,62.29,29.54
PublicTest_84016544.jpg,Enojo,Tristeza,69.35,4.31,20.08,6.26,69.35
PublicTest_8403145.jpg,Enojo,Felicidad,54.99,35.95,54.99,3.42,5.64
PublicTest_84366.jpg,Enojo,Tristeza,51.93,16.06,1.01,31.00,51.93
PublicTest_84522114.jpg,Enojo,Neutral,37.73,5.22,27.14,37.73,29.91
PublicTest_84889722.jpg,Enojo,Tristeza,36.36,21.40,16.44,25.80,36.36
PublicTest_85354228.jpg,Enojo,Felicidad,88.80,8.70,88.80,0.80,1.70
PublicTest_85454471.jpg,Enojo,Neutral,61.26,8.28,10.22,61.26,20.24
PublicTest_85586711.jpg,Enojo,Tristeza,43.73,35.00,15.78,5.48,43.73
PublicTest_85640402.jpg,Enojo,Neutral,44.38,18.74,6.56,44.38,30.31
PublicTest_8568840.jpg,Enojo,Neutral,34.72,10.26,23.26,34.72,31.76
PublicTest_8608284.jpg,Enojo,Tristeza,95.46,3.51,0.25,0.79,95.46
PublicTest_86413860.jpg,Enojo,Neutral,42.20,11.66,25.58,42.20,20.56
PublicTest_86533062.jpg,Enojo,Tristeza,62.61,19.01,2.83,15.55,62.61
PublicTest_86863879.jpg,Enojo,Tristeza,42.22,12.69,4.97,40.12,42.22
PublicTest_87312658.jpg,Enojo,Felicidad,35.05,13.48,35.05,31.04,20.42
PublicTest_87391496.jpg,Enojo,Felicidad,77.17,6.68,77.17,5.17,10.97
PublicTest_87724897.jpg,Enojo,Tristeza,34.79,24.41,14.91,25.89,34.79
PublicTest_87739948.jpg,Enojo,Neutral,40.79,11.89,11.83,40.79,35.49
PublicTest_87821224.jpg,Enojo,Neutral,45.51,4.46,31.95,45.51,18.08
PublicTest_87834425.jpg,Enojo,Felicidad,51.59,29.19,51.59,9.01,10.21
PublicTest_8807439.jpg,Enojo,Neutral,71.29,9.85,3.74,71.29,15.12
PublicTest_88420742.jpg,Enojo,Tristeza,52.26,27.34,13.32,7.08,52.26
PublicTest_88558122.jpg,Enojo,Tristeza,65.34,9.78,1.20,23.69,65.34
PublicTest_88659438.jpg,Enojo,Tristeza,63.66,23.70,3.17,9.47,63.66
PublicTest_89139321.jpg,Enojo,Neutral,42.53,6.10,30.38,42.53,20.99
PublicTest_89354196.jpg,Enojo,Neutral,42.81,11.51,4.59,42.81,41.09
PublicTest_89420020.jpg,Enojo,Neutral,43.30,18.28,4.14,43.30,34.28
PublicTest_89421273.jpg,Enojo,Neutral,31.10,24.23,19.36,31.10,25.31
PublicTest_89722367.jpg,Enojo,Tristeza,42.06,8.32,10.15,39.47,42.06
PublicTest_89771874.jpg,Enojo,Neutral,60.80,6.25,19.57,60.80,13.37
PublicTest_89957354.jpg,Enojo,Felicidad,71.43,14.35,71.43,7.45,6.78
PublicTest_90129237.jpg,Enojo,Tristeza,44.72,17.63,11.74,25.90,44.72
PublicTest_90347378.jpg,Enojo,Neutral,41.57,6.94,22.57,41.57,28.92
PublicTest_90378794.jpg,Enojo,Tristeza,30.71,16.94,25.56,26.80,30.71
PublicTest_90606955.jpg,Enojo,Neutral,53.89,9.94,3.10,53.89,33.06
PublicTest_90906370.jpg,Enojo,Felicidad,87.98,2.63,87.98,2.01,7.38
PublicTest_91336201.jpg,Enojo,Neutral,48.63,3.16,39.30,48.63,8.91
PublicTest_91350708.jpg,Enojo,Tristeza,53.29,11.17,16.29,19.25,53.29
PublicTest_9139860.jpg,Enojo,Tristeza,68.95,11.07,5.26,14.71,68.95
PublicTest_91502575.jpg,Enojo,Tristeza,54.45,16.03,5.52,24.00,54.45
PublicTest_91832148.jpg,Enojo,Tristeza,46.10,5.03,7.28,41.59,46.10
PublicTest_91989040.jpg,Enojo,Felicidad,32.44,5.84,32.44,31.50,30.23
PublicTest_92063997.jpg,Enojo,Tristeza,55.75,9.39,0.45,34.41,55.75
PublicTest_9211328.jpg,Enojo,Tristeza,56.61,8.29,1.45,33.64,56.61
PublicTest_92150074.jpg,Enojo,Neutral,35.50,11.12,27.69,35.50,25.69
PublicTest_9227570.jpg,Enojo,Neutral,40.42,6.32,13.43,40.42,39.82
PublicTest_93035101.jpg,Enojo,Felicidad,83.99,1.88,83.99,7.82,6.30
PublicTest_9355068.jpg,Enojo,Tristeza,35.90,15.90,33.75,14.45,35.90
PublicTest_93558553.jpg,Enojo,Neutral,47.52,2.79,4.55,47.52,45.15
PublicTest_93687979.jpg,Enojo,Tristeza,55.89,18.56,3.16,22.39,55.89
PublicTest_93755857.jpg,Enojo,Felicidad,71.74,4.85,71.74,6.95,16.46
PublicTest_939823.jpg,Enojo,Felicidad,70.36,5.77,70.36,17.34,6.53
PublicTest_94047538.jpg,Enojo,Felicidad,59.28,36.63,59.28,0.13,3.96
PublicTest_94143318.jpg,Enojo,Tristeza,30.23,18.72,23.97,27.08,30.23
PublicTest_94411811.jpg,Enojo,Tristeza,68.28,12.42,2.76,16.54,68.28
PublicTest_9442610.jpg,Enojo,Tristeza,61.98,9.31,4.01,24.70,61.98
PublicTest_94454233.jpg,Enojo,Tristeza,63.20,12.87,4.93,19.00,63.20
PublicTest_94771272.jpg,Enojo,Tristeza,33.60,27.68,20.65,18.08,33.60
PublicTest_94892531.jpg,Enojo,Neutral,67.68,3.70,4.94,67.68,23.68
PublicTest_94948547.jpg,Enojo,Tristeza,45.56,27.38,11.08,15.98,45.56
PublicTest_95011486.jpg,Enojo,Felicidad,91.53,3.89,91.53,1.39,3.18
PublicTest_95083562.jpg,Enojo,Tristeza,47.76,16.77,3.44,32.03,47.76
PublicTest_95548862.jpg,Enojo,Tristeza,45.59,17.28,8.04,29.09,45.59
PublicTest_95568842.jpg,Enojo,Felicidad,37.63,11.54,37.63,22.76,28.06
PublicTest_95625709.jpg,Enojo,Neutral,45.11,9.75,6.47,45.11,38.67
PublicTest_96057304.jpg,Enojo,Tristeza,53.27,4.06,31.17,11.49,53.27
PublicTest_96104154.jpg,Enojo,Felicidad,79.20,3.21,79.20,10.20,7.40
PublicTest_9617686.jpg,Enojo,Neutral,72.01,2.41,12.30,72.01,13.28
PublicTest_96319460.jpg,Enojo,Tristeza,59.73,7.77,5.24,27.26,59.73
PublicTest_96323579.jpg,Enojo,Neutral,82.52,2.16,1.21,82.52,14.11
PublicTest_96557391.jpg,Enojo,Tristeza,47.95,12.13,15.61,24.30,47.95
PublicTest_96718734.jpg,Enojo,Felicidad,52.52,8.54,52.52,9.30,29.64
PublicTest_96736762.jpg,Enojo,Neutral,48.94,8.61,17.55,48.94,24.90
PublicTest_97566169.jpg,Enojo,Neutral,65.12,7.87,3.62,65.12,23.38
PublicTest_97580990.jpg,Enojo,Tristeza,62.31,15.13,8.52,14.03,62.31
PublicTest_97727923.jpg,Enojo,Neutral,56.12,9.83,9.99,56.12,24.06
PublicTest_97851526.jpg,Enojo,Felicidad,51.98,22.32,51.98,5.49,20.21
PublicTest_98588078.jpg,Enojo,Neutral,62.26,8.92,6.11,62.26,22.71
PublicTest_98688227.jpg,Enojo,Neutral,47.22,4.64,19.85,47.22,28.29
PublicTest_98706886.jpg,Enojo,Felicidad,45.80,37.62,45.80,5.25,11.33
PublicTest_98752607.jpg,Enojo,Neutral,52.47,12.36,3.23,52.47,31.94
PublicTest_98768812.jpg,Enojo,Neutral,61.13,3.16,20.43,61.13,15.27
PublicTest_98981806.jpg,Enojo,Tristeza,38.21,27.95,10.90,22.94,38.21
PublicTest_99187740.jpg,Enojo,Neutral,45.30,10.93,3.18,45.30,40.59
PublicTest_99365116.jpg,Enojo,Tristeza,56.33,10.93,11.98,20.76,56.33
PublicTest_99509833.jpg,Enojo,Felicidad,54.62,36.37,54.62,0.94,8.07
PublicTest_99607072.jpg,Enojo,Tristeza,50.43,9.29,0.88,39.41,50.43
PublicTest_99743122.jpg,Enojo,Neutral,35.75,19.84,15.71,35.75,28.70
