epoch,accuracy,loss,lr,val_accuracy,val_loss
15,0.5511247515678406,1.1370083093643188,1e-05,0.48770493268966675,1.2447245121002197
16,0.5817995667457581,1.0922125577926636,1e-05,0.5245901346206665,1.212488055229187
17,0.5950919985771179,1.0430854558944702,1e-05,0.5232240557670593,1.205436110496521
18,0.5974778532981873,1.0450260639190674,1e-05,0.5450819730758667,1.141232967376709
19,0.6199727058410645,1.0051113367080688,1e-05,0.5150273442268372,1.317142128944397
20,0.6182685494422913,0.980670690536499,1e-05,0.5204917788505554,1.2116395235061646
21,0.6455351114273071,0.9398801922798157,1e-05,0.556010901927948,1.1679716110229492
22,0.6451942920684814,0.9258751273155212,2.9999999e-06,0.5532786846160889,1.1593135595321655
23,0.6530333757400513,0.9162131547927856,2.9999999e-06,0.5696721076965332,1.1258912086486816
24,0.6653033494949341,0.8840823173522949,2.9999999e-06,0.5642076730728149,1.1440786123275757
25,0.6629174947738647,0.8930523991584778,2.9999999e-06,0.5724043846130371,1.1382237672805786
26,0.6775732636451721,0.8752260208129883,2.9999999e-06,0.562841534614563,1.141842246055603
27,0.6802999377250671,0.8710639476776123,9e-07,0.561475396156311,1.1461542844772339
28,0.6724607944488525,0.8591191172599792,9e-07,0.5655737519264221,1.1460412740707397
29,0.6680299639701843,0.8750852942466736,9e-07,0.5655737519264221,1.1437163352966309
